individual,fitness,ticks_survived,distance_moved,fruits_eaten,layout_encoding
0,3581.59,2000,357.959,0,X2F4A+vwR1QrFDkdQgbebedfdv6p+cB+ulJHiHez3E8XuSXTfzq7rl1EvFBNTr+zUqdPNvLIlevIxJA0bF7kI0rV1np4LpSpO6Knywi8fFaeabVEsRddD0Fq11en/FXjYjQGJ2ZfNv4s9OHMwWorNbHcGtGRSDWjVTMI0ES3s2J5zDb/jP3dKnp42hL+fUYQ3TG80CEtzjjItMeqNo8FCm5OtvgC1wQVonvVIPfqhoxJo3K8MD84RfGiXR6DlUFd33ixE2LhNsAhGTbQ3ssvjknaCLQZiWS7t/mbjGgS/PGBCHJ5R8RE43fK5l7nAzuBtKeVJ6kLtkagZdAhvJDLsFFcAwy5ZxgYSx1/eLlIJt4s/9O6tM2OYs2ta/fMSnvcOyr4WgPjyrFf6d156b1cMhncw6PE8mMwwq51FZ/vc9lpvspKaKfKyBBMruDHQRlfq7bWeFLUK9EcirPkw55nYy4eaxFhyIKkPd1Ma6GnTq8wJ0mdyy+ABq7Ml9/JV/oTFVzb+ZT72UmHh88xZa6wy2EgyxVWZi4lyimQYHEimgA8NVnZIaNPB3Bs9/Ex72z1f2QfBSXcp0F8+zW1Nos9AUfBGWI/ROP8Mrdlak1ycEfpquLUMAVA6sjFI2Bs7zeBBRdaQXn1gO+t7PgNBSAOGEz4PbssIw3UwrvgJcN+kmf/qodUBRS5F4MQweosp+glcWIZe26CeekuFZ9b3WWuqnRkcr6OGKp8vwzy7AvTvX5tzFONkq8PoQwqUS5CU/Qbdp83ymRDJ0M80mU/oWoSFxvHlPnhQOxAFKXbS/SOcCVc0XgoJ79cqh8JEX1YaOGgf5c0lPFASrJRGWEm4rwusQvHeuxMdmObS0VXhaZP5QlzYB+y+a974mSqWvHc/WqyiiMa8oKjjXZ0Z1u/of4UMiUN+77opGVxQqb+i87ASye1gW+pdMMg5kiYYeruGL6zHyQ2hbjROC0W8Vl2e9GINqXdbR0Uxy+S0m6wOx4S0cGK3DR2XJGp5+XPXz5Ft8qPkmSvBiV78PMaK2k+8xOX3PduPX3PP7Yy0sXQpehtK/fyMdDd/AXS1xWCnLo8fEWXYgu4wXsXuKZrr/jz8e7kAUns5/CwWuYYne55oZURC7UtrH7sTHL1t+NBdDhuKQZPPQqr92a+MYv0hWn7bKdX8zGcR67JQG/z5vv0xxPPNFqaqLk5oA61PxPa591qMQuUUACuh/zny+cw5X+pc2VHJdT0bQQGA08Pjpdia8v1dsT2q5JIHOpKf9vkiQBU1mqyC1vYMN+cO3VofyhY5By/UOaemDovfrj5sfdKRASaRnGSm8IZBZLmdmlyhv4cEWndxi1pEdcM1dTMUtc8RDwtnX1EUkNXZXQ8F4u+03dqW4VqVZB9I4seTR3xBAk5/Uh+zGG7QnPDbwKm8QGJ2wy5hJRml2DnrDueAWYfi3Kx2fQJKbOUnc12WV13/1FsY56AWMixul/HaC+pltSizND98ARGDqbY6ND32EfMljZoj9c2W7l75whkreA89QqjaXxrnwRl6q8PS5aNrrRlnYaGmD7nKLWurcrvvVXGThzZLSnzADfbtU7b0E5simJ43lgCh3+e4faYsvwmibjZsPBTHQKhdDrafOAEUH8XmEn4f+FY+5VpfnBB/Ao8nNR8wKu2Nl3+N4XHnEhnUtyyaKoQ2MZlvbsNoHfm+JuVTyZQbyVPhX9oIpy/Nw9hhpoxyg1atp7489nZBiye4ER+daSccPngvqezloTid3u1pFPR3X32SD0KpZoSxsdSaezOXBt9pg/mkjlh/zOrfjkt
1,3342.3,2000,334.03,0,KtuuhTki9g9HSBy57EMXMoMXxtE1LppYEkw83AzX+zAmIhlwmpRATH5QEBCm7s60s2Y8OJgh7GYLz4tO6+e9p/d7xU1yCzRYttmTLSNNPFY5VcLqPDX1MnN3Ez5/7IDyXbX7PgZvBCLO/jYe6d4tHyiJ+aaNroqyPgeKk6418EEzJ2EpXpV9Nb3RwLhVyKk2coQrx136I2BBoZlCM/EpJ5Ma2v0zBmGMEDZq8bT9Jg5mEYRxkpga0XjoneQdK8nPknhFqpuy1jbZmP65ueaYWqo2FA0Cih12OJgfbTKXwW8e95C40840YqsMbVO5nBSQifoOHB3iB0zBiEMM1AuXcFe2ISMB/jY33RANF0AbiSsxEOINB2Ce0Tgz5BeaU0/k/Rm5pTg3UDEXVur4PxOiNLYv506nEvMkJD4l2ZboYHZamzdhjhp8H9ZrkcDIXHHZS5cGzeXqMWv029NYbyprfBgwd9SKgyXcxaishvMyg8ejL8Xi+ZSnI0M/RRi3Kh9g55wWZv5NKnyAsDAX/NdeRfStL/aSVYtU6iswb4+jon8sSw1WV9FiG4kk4hOwnUZ0Pn089nknUhSO9Go4D+C4eGNkVjhce4HvE+PCOiHRJb1eJvq5f0zbamZHbEUbPv7+oalhgbR0QTLaLRdqhDvd/Z0EsK1A9o8xkm3eKT5J905YrLI2xbKUx4sMVFH4zAIa89BlzrRHY4nEiKKPRxHIHdc+b7fQBOqDkW2Tf/otQm2g0zSv730gIaZzQkhI0k7b5qBvN4ur6kUdrYu0XQbbPGCT/XbuOahjn76FN/nEv5uUCaxM/msQihxnN3irE7zozSGr6CJKOb+OKoOVzR+18+VcUp3GPGiWhSAswQLAy6kcZuBo5uiKtevVnk/tgBoiudlrQh+ie+DKCfkAbOCr2CiGr6/OWBFi4hP77oJ/uwNfT/W6kzj4s6zywBGVDD1jHX8d5Pfd9sNkzNWOr2Nph4xoGg/ud6T7Zg5TtvWFiaoHNb/CPPTEiga/32jVQoDr7WVqa5FAhgGIbU+ELvrGJKBs+S+vGX01rzoYzY6j/sdF6G17LY4wMzpjKVRU1ibh1LQL4+k49/MrruNfwa8WwW4CVdE1IockXL/mYNvbvYLh5sEFMFp6Ahks31JDruWY1sgUCPFjzqtHhmX5DRn3HIzCcWLOxJi0qu4hHkmwo8aFOFBL2onFgeIYilqxL9dyEGC3wmHHOj1dtGekH4wOZGYpmpsZi0dC59aMgVQkNVDfOGab4zj1+W21Tzn9yK6UknKJnaRzf7OjZ9oN1GyaR6AnIScg8AmHiLd3E8ffSLvtBwl9Mv4WvyGFDb8EKCUoQxnDUHahW3grqKo8s34F73M8TGcOqcryKViW85V98wLakQnMWHwc/6OxbiYGnnnjOslizeeeN/B0NYr3XrOKvC5oAGQ5sFWHXLExBEWB5b5ElhT504aQRUbxEDiGSHjBPWCbHZmUleSQ8IKhNpdXA3m0u6AbfTQTTF/Y8PBH3xeHfM8reZXICQR/oV7lLtaHbX7cNPMTzN7zPkRWZFHnpt9013F6Up8IvPwSb5X3B6agH9r4HJCq6aNVl0ewass+iwOjjoZ7/URlgFl5HBbZdjMmXcHyRSNWFhDYQ1k2jACnsnxfA1GV/iiYG5ikTOkaTpJkIwnAcWtfGJNFtTA/Jf2RJQxYmO61h9mLQLzuYWfJJjrBYyUhJcn6Bx0+F799PclN5O98dxvMwH3bE6K58e2pJ6QlqfOcHe3DgQ2N1h5rSatVfVuqhZ28hPn1SMf7Cezq1G7vQZxi/imh
2,3437.93,2000,343.593,0,KBuuhTki9g9HSBy57EMXMoMXxtE1LppYEkw83AzXSzAmIhlwmpRATH5QEBCmos60s2Y8OJgh7GYXz4tO6+T9p/d7xU1yCzRYttmTLSNNPiY5VcLhPDPIMnN3Ez5/7IDyXbX7PgZvBC9OgjYe6d4tHyiJ+aaNroqyPgeKk601CEEzJ2EpXpV9Nd3RwLhVyKk2AoQrN136I27BoZlCM/EpJ5Ma2v0zBDGMEDZq8bT97g5mEYRxkpga0XjoneQdK8nPknjFqpuy1jbZmPF5ueaYWqoMcA0Cih12OJgfbTKzwW8e95pR0840YqfMbVO9nBSQif0OHB3iB0zBi3MM1AuXcFe8ISMB/CY33A1NF0AbiSsxEOIN/2Cq0Tiz5Be8U0/k/Rm5MTg3UDEXVur4PxOiNLYv506nEvMkJD4l2ZboYHZamzdhjhp8H9ZrkcDIXHHZX5cGzbXqMWv029NYbyprfBgwX9SKgyXcxaEshvMyg9ejL8Xv+ZSnI0M/RRi3Kh9455wVZvJNKnyAlaAX/kdeRfStL/aSVYtU6iswb4+jon8sSw1WF9FiG4kk4hOMnUZ0Pn089ZknUhSO9Go4DxC4eGNkVjhce4HvE+PCOiHRJb1eJvq5f0zbWmXHbErbPv7+oalhgbR0QTLaLRdqhDad/Z0EsK1A9o8xkm3eKT5J905Yr3I2xbKyxusMYFH4zAIa89BlzrRH14UEiKKPyxHIrdc+b7ffBOqDkW2Tq/otQm2g0zSv730gIaZzNkhI0k7b4qBcN4ur6kUdrYu0XQbbPGCT/XfuOahjn76FN9nvvfuUCaxTkm0QihxnN3irE7zozSGr6CJKOb+OKoOVzi+18+VcUp3GdSiWhAAswQLAy6kcZuBo5uiKtevVnk/tgBoiudlrQ1+ieEDKCfkAbOprgCpGr6/OWBFi4hP77oJ/uwNfTnW6kzi4s6zyaBGVDD1j4X8d5Pfd9sNkzfWOr2Nph4xoGg/uBfT7ZX5TtvWFiaoHNb/CPPTEiga/32jVQoDr7uVqa5FAh8GIbU+ELvxGJKys+S+vGX01rZoYzY6j/sdF6G17LY4wMzpj3VRU1ibh1LQL4+t49/Mr5uNfwl8WwW4CVdK1IockXL/mYNvbbYlh5sEFMFp6Ahks6xJDruWY1sgUCPFMzqtHhmX5DQnJHIzCcWLoIJi0xu4hHkSwo8JFOFBL2onFgeIYiZqxL9dyEGC3wmHHOj1dtGgkH4wOZGNpmpsZ/0dC59aMgVQkNVDfOGab4zj1+W21Tzn9yK6UknKJnaR+f7OjZ9oNaGyaR6AnISxgUAoHiLd3E8ffNLvBBwl9Mv4AvyDFDb8EKCUoQxnDUHahWOgrqKo8s34F73M8TGcOqcryKVG785V98wLakQnMWHwc/6OxbuYGnnnjOslizeeeN/B0NYr3XEOKvC5oAGQCsFWHXLExBEWB5b5ElhT504aQRUbxEDiGSHjBPWCbHZmUleSQ8IKhNpdXA3m0u6AbfTQgTF/Y8PBH3xe4fM8reZXICQR/oV7lLtaHbX7cNPM7zN7zPkRWZpHIpt901AF6Up8IvPwSb5X3B6a+H9r4RJCq6aNVP0ewass+iwOjjoZ7/URlgFl5HBbZd5MmXcHyRSNWFhDYQ1k2jACnsnlfA1Gc/iiYG5ikTOkaTpJkIwnAcWtfGJfFtTA/Jf2RJQxYmO61h9mLQLzuYWuJJjrBYyUhJc+6Bx0+F7z9PclN5O98dxvMwH3bEaK58e2pJ6QlqfacHe3DSQ2N1h5rSatVfVuqgZ28hPn1SMf7Cezq1G7vQZui/imh
3,2675.6,2000,249.36,6,XaF6A+vwR1QrFDkdwgoY4eKf5o6ppct+9lJHiHyzWE8tuSXzf5q7ll1ElFNNPr+zUqdBNvlIl6kIxJA0bFCkImrB/npWLpSpO6KnywiT2mAeabqhLRTdD0Fql1fn/lljYjQGJbgfNw4stOHMwWorNbdcGtGREKWRXTMI0EQ3s2J5zDq/j43dKnpk2hLbfUDT3Jl80CEvzjjItFdZLo8FCm57tvgC1+QVonpVfPfFh/xJo3K8MD84R/GiXR6VlUFdk3PxE2LNNsARGKbQS0MveknaCLQZiDS7t/mbjGCS/PGBvHJ5RTRE43fK5l7nFutWfKe3J6kLtkagZ5AovJDLsYF+Awy5fxgzSx1/eLVIJt4s/9O6tMoXYs2tagfMSnvNOyr4WgPjyrFT6d+56b1QMhnyI7Pm8mMwjq51FZLvcSrpxspKaKfKyaBHruDHQhlfq7bWeFL3o9EjirPkw75nRy4eaxFfyIKkP81Mq6GnKq8wJ41dcy+ABq76l4SJV7oTFVzbiZT72UmHh88xZaywy2EgyxYWZi4FkimQYHEiUgAIWVnZIVNPBrjs9xBx72z1f2QfBSXcp0FX+zW1Nos9AHfBGWE9bOP8Mr1lak1mcEfoquLUMotA6szFW2/s7CeBB+vaQXnLgO+t7P03BSAOvEz4PsssIw3UwrvgJIk+kIfuqodPBRSiF4MQIeSsp+KDcWIZt2uCeekuFZ9b3uDYqnRkcr6OGK48vwxy7AvTvk5tzFONMqaPoQC9UazmU/uKdp83ymRDJ0+80MU/o9oSFxZHlUnAQOcAFKXYa/JOcC8c0XgoJ09cqhzJEX1YaODgf5c0lPFASrJRG+Em4rwusQvNeuxMdmObSmFXhXZPBQlzYB+y9zE74mStWvHc/WqyiEMr8oKrIXZCZ1u/of4UMiUV+778eGVxQq3+i73AOye1gWhKUMMgEkIYzecuGU6EHy420tjRO50W86l2edGINqldsbFUxyCS0m6wOM4uMXGKoDR2XJap5+XPXz5Ft83xb1SvniVI8P0mK2kC8xO+3PduPX3jP7Yy0sXQtehtm/kyMd4dcAImkx/CnLo8S9EXY9SwwXsXSKZer/jzqe7krUnsG/uwWuYYne55oAURC7UtrH7sTtLKt+mBdDhuIQZPb3qr9ST+MYXuhWH7bKmX8zGcR6sJ43SzhMv0xxcPCFqaEEk5xA61pxPa5k5eMQcUUAUuhIz4y+cw5X+/c2VHlLlDwQQGAB8PjpJia8sUd8pRqM18HOpKf9vki6BU1mqy01sYMN+cOjtooyh15By/UOa8mDovfrj5sfwUR4SaRnGSmPIZQZLmdmSy0vncEWpdxi1pETcFJdTHUtT8RXwt0X1EUkNXZpQ8F4u+03dqW4VqVZB9I4TLT63xBAe5ZUh+zPG7QnPDWwKQ8QGJ2wy5hJ/mlhDnrD+8VWYfTmKx2fQJKbOUnc12WV13/1FsYE6AWMixul/HaC+plkSiz0D98/RGDqbY6Ne32EfMliZo+gl2p7z7iwnkrBA89Fv0aN0rnwRA6X8PS5uHPrklnHDGmDjnKLuuPcvvwVTJTh9Z5S6zDDfbt67z0Ewsim643lgCh3+eLfatsqwmi9MVsNKTHQKhdDrafOHEtH88EEn4f+FY+FVpfxMB/Ao8nNRAwKu2Nl3+N4XHuEhniEyyh9oQ2MalEbsKaHfm+JuVTyZYb2V64X9oIpyRow9hhpoAyg1atp748TnZBRyL4ER+da6ccFngvqe9loTud3uzIFPR3X36xH0KhZoSxsdSUAzDXBtNdg75Gjlb/zOrxjkt
4,1393.73,2000,139.173,0,KtughTki9g9HSBy5uEMEBoMXxtE1LppREkw8DAzX+zI3IhlwmpRATH5QqBCm7s60Z2Y8OJghCGYLz4fO6+e9p/d7xU1yCzRYttmTLSNNPFY5VcLqPDX1MXN3Ez5/7IDyXgX7PgwvBCLO/jYe6d4tCyiJmaaNroqyPgeKk6418EEzJ2EpXpV9Nb3RwLhVyKk2MoQrx1A6I2BBoZlCM/EpJ5Ma2v0zBmGMEDZqMbT9JgUPEYRxkpga0XjoneQdK8nPknhFqpuy1jbZmP65ueaYWdouFA0Cih12OJgfbTKXwW8e95C40840YqsMbVO5nBSpifoOHd3iB0zBiEMM1AuXcFe2IqMB/jY03RANFmAb7SsxEOINB2Ce0Tgz5BeaU0/k/VmwpTgbUDEXVOE4PxOi4LYv50dnEvMkJD4l2ZbZYHZamudhjhprH9ZrkcDIXHHZR5cGzeXqMWv029NYbv4rfBgwd9SKgyXcxaiswvMy98ejL8Xi+ZSnI0M/tRi3Kh9g55wWZv5NpEyAsDAX4NdeRFStL/aSVYtU6iswb4+jdn8sSw1WV9FiG4kk4hO2nxZ0Pi0n9n8nUhSO9Go4D+C4OGNkVjhce48vE+PCOiHRJb1eJvocf0zbamZHbEUbPv7+EalhgbR0QTLaoRdqhDvd/Z9EsK1A9o8Fkm3eKT5J905YrLI2xbKUxbsdWgH4zAIa89BlzuRHY4nUiK9HR/HIHdc+b7fQBOqDkW2Tf/otQx2g0zSv730gIaZzQkhI0k7b5qBvN4ur6kUdrYu0XQbb0GCa/XbMOahjn76FN/nEg5uUCaxM/psQiWxnA3irEDzozSBr6CJKOb+OKoqVzR+18+VcUp3GPGiWhSAswQLAy6kcZuBo5uiKtevVnk/tgBoiudlrQh+ie+DKCfkAbOCE2CiGr6/OWVFi4hP77oJ/NwNfG/W6kzj4g6zywBGVDD19HX8d5Pfd9sNkzNWOr2NplYxuGg/ud6T7Zg5TtvWFiaoKNb/RPPTEiga/32jVQomr7WVqa5FAhgGIbw+ELvrGJKBs+S+vGX01rzoYzY6j/sdF6e19LY4wfzpjKVRU1ibh1LQL4+k49/MrruNfwa8WwW4CVdE1IockXL/mSuvbvYLh5sEFMFp6ghks31JDruWY1sgUCPFj/qkHhmX5DRn3HzzCcWOsxJi0quyhHkmwo8aFOFBLYonF4eIYilqxL9dyEGCjQaHkOj1dkG7kH4w+ZGYNmp/Zy0dC59UMOVQkNVnfOGab4zj18WG1Tzn9yK6jBnK7naRafGhjZ9oQ1GyfR6AnIScg8AmHiLd3E9foSLvtrwl9Mv4WvyGFDb8EKCUoQ7nDUHahW3wrqKo8s34F73MbTGcOqcryKViW85V98wLakQnMWHVc/6OxbEY+nnnjOslizeeeN/B0NYr3XrOKvC5oAGQ5sFWHXLExBEWB5b5EZhP504aQRUbxEDiGSHjBPWKMHFmUleSr8IKhNpdWA3m0V6AbfTQ6TF/Y8PBH3xeHfM8renXYCvR/oV7lLt5HbX7cNPMTkNnzPkRWZFHnpt9013F6Up8TGPwSb5X3B6agH9r4HJCq6aNVl0ewoss+iwOjjoq7/URggFl5HBbZdjMmXcHyRmNFF+DYQ5k2GACnsnxfA1kNoiiYT5ikTOkabpJkIwnAfWtfGLNF+TA/Jf2RJQxYmO61hWmLQnzu74fJJjrBYyUhJB06Bx0+Tr99PclN5O98dxUMuH3bE6K5WeMpJOGlqfocHe3DgQ2Noq5rSQtVfVuqhZ28bzh1SMf73lzq1G7vQZx9Dimh
5,1982.69,2000,198.069,0,KtUuhQkij69XgBO57EbjMoMXxt41HppYikw8DACX+9CmkVaEmpRATH5QeBCR7sJ0stYROYSVRGYLz4H+6+t9p/m7x01yClRYncmTLSN9PrY5VEzKPD9iMzN3Ezc/7IDyyeXAPgZOB6LO/yYe6dSt7QiJ+LeKroqJPgBKk6418EEMu2EpXpddNb3RweDVyKk2cotrp13lI2iBoZtCM/Ep35Mafv0zBmGBEDZq8bTtJgu5EgRxkpga0Xjv8eQdK8LPKQu0qOuV1uMLmHa5u1aYWSo2FJ0d4E1POJqfbTKXrW3R95C40840CmsAbVO9nj3Qif+ZHB3iB0zdiE28zAu4cFw2iSMB/jY3jRgWr0AbirsnERINB2Ce0Tgz5JcaY0Ji/R+hpTgSUcEhVQS4/zO1NpPvw3YnEvMkJDFlkZbo9HPauqkhxh92HXZ7kcDcX4H9g5UGVeXmSWx/29NtbBprfBgwd9SKgeGcxaishvAyg8ejL8Xi+ZS+IoHIsmi3Kh9g55omZv5DKnLAsDAX/NdeKpSTL/aSVitU6iYwb4+jo5CsyMBWV9Jiz5kk8uOWnbZ0PSQ89RknJhFO9Gh4D+d4eGNkVjhce8qsqjRCGOG84F3fJvq5L0KyBmZ7BEUbPS7+DLlhgbR00TLaLRgqhDSd/Z0EsK1ATo81om3fKT5Jw05krLI2xbVUyqsMVJH0LAIa86DfzsR5T41EiKKHu4eIHfclb7ftBOqDOW2Tg/otQmNg0A0v7WYg/aZ3QkgIXk7q5qSmN4ur6kLd7im0KelbPGkz/XbrOL+jnd6FNvnEnAnUCaxM/5sQihNnV1NrE71ozSGr7qzKOb+OKozVFR+18+VcUiDGRKiShSAswQLxD6DcZxBo5siKtevVnk/tvBoiudy94Q+ieIoACfkybO89/CmGr+/OWBHi4tP7DvofuwNfT/v6kzj4s4NarBGVDDojHXSd3Pod9sNkzNWuX2NDhhxHHN19BwTZZg5TTvlFizoHNDdPPPTEiga632jVGoDr7WVA6/FAhgGegU+E2/AGVKBs0S+vGXNErzoYzY6jVVfU6G12Ld4wWzhgKVAI1ioDYLRE4+k49//rl+Nsw78W7W4CVNFZYockmL/rY0vbI0Lh5wTFIFpCAhks31nD4uZBosg6CPFjzqQJFmK5TRk3HDkCcWLj57i0q+4hHkmbtXsFOFBL2gLFg0nYi+qxL9EyUJC3jmHHDB/g3kntZghLx14kUnv+O62SqV+HhHg1ZjKEbK7ZRq+Y7XvnxkaTNmEulkaXbYu3ftKnEFnEBdH9Z8mw7aBogAj+Uarae2kKroD1DwxgC6ihNM+AIxWne+Wr8Xm521f+cWQm+yPXg34F7oq8TGcOqcryKWiW85NX8wLakQnMWHwcm6OxbiJnnnnjOslizeeeN/B6NYr3Xr/bvn8o8GQ5sFWbXLE0BEWB5bwElhT504aQJUbxEViGvHjBPWCbHZmUleSQ8IKhypTXA3m0u6AbfTQTTF/Y8P4H3xeHfM8reZXIG1R/oV7lLLaHxq7cNPMTzNjfPkRWZFHnLtA013F6Ux8IvP8kbiXyBjagH9rcHJCq6aNPlAgw6ss+iwO5joZA/URlgFl5HBbZdjMmXcpyRmNWF+DYJ1k2GAPnsnxfA1kN/iiYT5ikTOkCbpJkIwnAoWtfGLNF+9A/Jf2RJQxYmO61hBmLQG9C7Wf4JjrBoyhhJcn6Bx0+g799PclN5O98dxvMxH30EK65We2KJOGlqfOcHe3Dg32N1h5rSatVfVuqhZ28hPn1SMf73lzq1n7vQZx9Di0h
6,2723.63,2000,257.163,5,KtukhTki9g9bSBy57TMXGoMXxtE14ppYEkw83AzI+zAmShlwmpRAT65QEBCm7s60s2Y8OJgh7GCLz4tO6+e9p/27xUKyJzRYttm+LSNNPFY8VTLqPDX1MnN3Ez5/7ID/Xbg7VgZvBCLOwjfe6d4tHyiJ+paNroqyPgeKk6418EEzZeEpXpV9Nb3RwDhVyKk2coQrx13qI2BBoZlCM/EpJMMa2v0zBmGkEDZq8bT9Jg5HEYRxkpga0XjoneQdF3n+knhFqpuy1jbZmPo5ueaIWqo2FA0Cih12OJgfbTKXwc8e95C40840YqsMbVN5nBSQifoOHBOiB0zBNEMM1ADXcFD2ISMB/jY33RANF0AbiSsxEOINB2Ce0Tgz5BeaU0/k/Rm5plg3UDEXVur4PxOiNKYv506nEvMSJD4l2ZboYHZamzdhjhp8H9grkcDIXHHZS5cGzeXqMWv029nYbyprfBgwd9SKgw9cxaishvHyg8ejG8Xi+ZSnI0M4RRi32h9gJ5BWZv5NKnyAsDAX/Nde8fStL/aSVYtUgiswb4+jon8sSw1WV9FiG0kk4hOwnUZ0Pn089nunUhSO9Go4qLC4eGNkVzhce4HaE+PCOiHRsb1eJvqyf0zwamZHbEUbPv7+oalhgbR0QTLaLRWqhDvd/Z0EsK1A9o8xkm3eKT5J9j5YrLI2xFKUx4sMmFH4bAIa89BlzrRHY4nEiKKGRxHIHdc+b7fQBOqYkW2Tf/otQm2g0zuv730gIYZzQkhI1k7b5hBvN4ur6kUdrYu0XQbbUnCT/XbuOahjk76nN/nEvyuUCax+/msQ3hxnN3jrE7zozSGr6CJKfb+ONoUVzR+18bVcUp3G/GiWdSAswQLAy6kcZuBo5uiKtevVnk/tgBoiudyrQh+ieSDKCfknbOCr2EiGr6/OWBFi4hP77oJ/uwNfT/W6kzj4f6zywBGVDD1jHX8d5P7d9sNkzNWOr2Nph4xoGS/ud6T7Zg5TtvWFiaoSNb/CPPTEiga/32jVQsDr7WVqa5FAhgGIbU+ELvrG8KBsnS+KmX01rzoYzY64/sdF6G17LY4wMzpjKVRU1ib01LQL4+b49/MrrUNfCa8WwW4CVfE1IIckXL/mYNvbvYLh5sEBMFp6Ahks31JDrpWY1sgUCPFjzqtHhmX5DRn3HIzC9WL1aJi0qu4hHkmwo8aAOFBL2onFgemYOlqxL9daEPC3WmHHOj1dtGekH4wOZaYpmpsZM0dC5zaMgHQkNVDfOGabAzj1+W21Tzn9y16UdnKJnaNzf7OjZ9oN1GyZR6AnIScg8AmHiLd3E8ffSLvtBwt9Mv4WvyGFDb8EKCUoQxnDUVahH3gKqKo8s34F73M8TGcOqcryKViW85V98wLakQnMWHwc/6zxb1YGnnnjOslizeeeN/B0NYr3X4OKvCioAGQ5sFWCXLExBEWB5b5plhT504aQRUbxEDiGSHjBPWCb47cZnaECR8i05HQS1hShQQsQ+UZw1sLMmL8sbTWtYCNPZLjqaCJDh2C3YH3yGb7coPMkz7OfXkRsAF+n6tIj/3o6U8IIvusda4Xy96asH9r4ePZt6aN3ldegassrawhJxdZ7oUOvg7S3HBbZdemSXJeyiTE+FFDYQ1k2GAClsSxfA17NRi6YvSikTOraBpJj9wnFkqWfGciF+TA/JFtRnGuh9ZoQhumLILzO7WfqFtrBYyUh56n6Oxi+gc99PflH5iI8Wxgrw93bE6c5Wenp83GlqBIcWe3fgQ2F1hjfSdmVfV1qKc2k6nn128f7flzq+AivZZx9DimV
7,3408.84,2000,340.684,0,xXC6tm8CXZABlOthGBE1k5DTSsrrgn4e2ZFXacFnWfjpqZY7WFuy07bNGtbrE1lG3xcbrw8FtWPoJvaZk0QScfJQoRz9BvhvMx/P2gY7wsJnTGxRB3gM7zv4/Ptc2JHoGAQuEvc8KMo33mO7p81KWhqEa2A+07uGkpDaVi0Yq3d4vyGCy640ROSD3yAP6q9WA56bMQ3whJA1afDJqCwgKEO8KijZBgvBhRaikrJEK3gvTEKf1GmOXo5+3M3CJ/SCVQlcuvfLzhRXwwgU9VQZyTTpI1unXDVEtm4XszkPXOSO0WhnrkUJySJXQni1tOqgc8Kfzcy6Ikpk4iRjwB13x2ol+ZgPm6G7V3X6LoN39dfpMP8HMeLl3Ifx0CRuiCBzGf/3j4bmDRA+olOXdnYHQOp1EQ202S1ChoJ6OUHiIWNhleZAalSgImFWqX8+wxgmjLSDs1GS4AROh7SqtzIwgY8cje0b2CyyczTP589Ksg7B7VIEH4Fz0I1ZsjxP7tjDiHgL9nVOWHa1TxahM4E/qPG4o0+HQjee3WjB61CJE/eI+79AS46gRMb9xNocfo8u7XqaE0rNsUyF/fpaYI28H88NPCSPn6WMx22jhsRnGPfY4/Fa6Q2RdU/yf7Wq0qig4yg6lutwZuA67FiBCzVCet9f9IFSkA37YXtDKzk9Ajqg/6RDa9e2XOraMZELm6PgXdKN0uyKlzs0n7O1xb9ThChgap2+EWABmwxWs+qF9p48JPw8c6esV22mm6UfukdPQ6RRp3do2oCWkrYtWFhIcBpYw6AUub31Bm4OPnPdScNNC3vfYTus7c6N/8HeZo5Qtsh5gGDwN8qdqamFHvgPgU6nsIeNtjV6ISw0EdkNu5ynMt3u4/+kCHObmtuEcHb7/Zdelm2qY+kP1YO0ziLD5h3G7oeL8itcxHlpPA/HwfAGewsjW4bB+yoOvaDedw6PiG+G49XdMiPf8ZQUeDsq+whdM50vVvltas5PjlbNf+PXf3hJxykSemcZ7w9QWKiN4QwzTffLVPVaJ/BW4CCPE6qm3xfweQqTTMbmorpk2IMjEMJ5ard81QLhC6lvTbh/8iQyYdOPRlPBlF5CsjiL0lYK/ytZc4oilgA3RRt3EsRjoD3pHGgzYBrM51BDkbNM8kz9PkqLnCXp1wanvE8lcEVn6wnCD8tAedHziwXXj5KY5iHBPqcLGK/+f8QbPwUYTS60/YHT4j1dKaekH4wFZnYdmrsvi0Rr59IMgVQQNVefOGab4zj1+W21Tvn9yKIUknKJOaRzf7OjZ9oNIGcaR60nIScg8QoHiwd3E8ffSLvtBwr6Bv4Wayp3DbhEKwUoBxnDUHM6W3xrAKo8szC5Q1L45ULJrD6FRmt3p7U4oxDvzy+xpiOa/v3lZdZjPi+9H+5711aigDFuKsiihb9qwk7jOnXmVrztMqYfO1uQOWOcFtFpFBjjRENszUiEYbqPmClCTNr8CuBYXY+dQ3qFQVZ8HXTO3VsSJ09GxllTl4Ttp0PMuBWy04SmJ8lpUhf2ZjU17FI3Z4qIikLliLCXhWxe4ZsJ9xPnAegizP6ObW+uoch5s7Z+Bj3EJFoXKAT9WGHb36GENuXGF/jYcq9LrSVtXgE0KurMbrK2z3V7msQtU+GBoZGAPo0QbwpY54MA7VBvtIbGysZCrx27u2yIJsn2PxiTIG+98L4cRuyd8ZJif4AzBCviU6dA47R15FgqGuzVkdMDk0l4Ey7SLyKvPeLU7so3zKVVpIHVljbGAcIBst/6bwztN8KpFEwlT4OdZEN3txsyZnru1D8L
8,5744.56,2000,574.256,0,X264A+vwR1QrFDHdQLbebedfdv6p+cB+ulJHiHezOE8XuSBTfsq7rl1EvFBNAr+zUqxPNvLIlevIxJA0bF7kI0rV1np4LpSpO6Knywi8fFaeabVEsRddD0Fq11eq/FXjYjQGJ2ZfNv4s9OHMwWYrSbHcGtGRSDWjVTMI0ES382JIzDb/jP3dKnR4dhL+fUYQ3TG80GEtzjQItMeqNo8FCm5OtvgC1wQVonvVIWfqhoxJo3K82D84RfgoXI6DlUFd33ixE2LhNsAhkTbQ3Us3jknaCLQZiWS7t/mbjGgS/PGBCHJ5R8RE43fK5l7nAzuWtKeVJ6dLtkanbdAhvJDLsFFcAwy5ZOgYSx1/eLlIJt4sC9O6tB2OYs2xa/fMSnvcOyr4WgPjyrFb6d156b1cMhnca6Pu8mMwwq51FZ/vc9lpvsp4aKfKyBBlruDHLRlfq7bWeFLUK9EcirPkw55nYy4eaxFhyIqkPd1Ma6GnTq8wJ0mdyy+ABq7Ml9ZJV/oTFVzb+ZT72UmHhN8xZa6wy2EgWxVWZi4lyimQYHEimgA8NVnZebNPB3Bs9/Ex72zSf2QfBSXep0F8+zW1Nos9AUsBGWI/ROP8Mrd1ak1ycEfpquLUMAVA6HjFI2B17zeBBR0aQXF1gO+t7PgNBSAOGEz4PbjsIa3UwrvgJcN+kmf/qodUBRS5F4MQweost+glcWIZe26CeekuFZ9b3W4uqnRMcr6OGKp8v9zyOAvTvX5tzFONkqFPoQwqUS5CU/Qbdp83ymRHJ0M80mU/oWopFxvHlPnhQOx7FKYbS/SOcCVc0XgoJ79cqh8JEX1YaOGdf55UHPFASrJRGWdm4rwusQvHruxM3mObS0EXhaZP5QlzYB+y+a974mSqJvHc/WqyiiMa8oKjjXj0ZGu/of4UMDUN+77opGVxQqb+i87/SMe1gW+pLMMg5kiYYe9rGL6zHyQ2ebpROC0WKVl2e9GINqXdbR0Ux2+S0m6wOx4S0cGK3DR2XJGp5+XPXz5Ft8qPkmSvfiV78PfaK2k+8xOX3PduPX3PP7Yy0sXQpehtK/fyMdDd/cX91xWCnLM8fEWXYgu4wXsXuKZr5Ujz8e7kAUns5/CwWuWYne52oZURCnUtrK7tTHL1t+NBdDhuKQZPPQXr92w+MYv0LWn7bKdX8zHcR6/JQG/zxvv0xxPPNFqaqLk5oA61PxPaE91qMQuUBACuh/fny+cw5X+pc2VHJdT0bQQ3As8Pjpdia8v1dsT2q5JIHOpKf9vkiQBU1m41C1vYzN+cO3VofyhY5By/UOaemDovfrjosfdKRASaRnGwm8IUBZLSdqlyhv4cEWndxi1WEdci1dTMUVc8R5wtnG1EakNXZXQ8F4u+03dqW4VqVZB9I4seTR3xBAC5/UhUzGG7QnPDbwKm8Q7J2jy5hJRml2DnrDueAWYfi3Kx2fQGKaOUnc12WV16/1FsYOtAYMixul/HaC+prtSizND98ARGDmbY6N032EfMljYoj9c2W7l75whkreA8tQqjaXxrnwRl6q8PS5aNYrRlnYaGmD7nKLWurcrvvVXGThzZLSnzADfbtU7b0E5simJ43lgCx3+e4faYsvwmDbjZsPBTHQZhdDrafOAEUH8XWEn4f+FYH5VpfXBBcAo8nNi8wKuANl3vNwXHnEhnUtyytTAZJf2RJQxY+O61h9mLQLzuYUfJJjrBYyUhJcn6Bxc+F799PclN5O98dxvMwH3bE6K58e2pJ6Qlqb0cHe3DgQ2N1h5rSatVfVuqhZ28hPnXSMf7Yezq1GqvQZxi/imh
9,0.5,500,0,0,KmuuhTkiji9HgBO57EbXMoMXxpG1LpQYEkw8DAzXszA0IhlwmpRATHnQEBCw7j60t2YFOJgh7oY3z4HT6+4Xp/d7xU1yCORYtkmTLSN9PFY5VSLKWDX1MzN3Ez5/7IJyybXk5XZvBPLO/HYz6d4tHQit+LaFroCyPgeKk6418EiMJoEpXpV9Nb3RwLhxyKkfvxlrx136I2PBoMlCN/Ep35MafY0zBmGMEDPqObT9Pg5meYRxkpga0Xjo8eQjX8LPKnhFqpuy1ubbmP65ueaYWAo2RJ0CpE1gOJSfbTKVwQ8e95C40840CqsubVm5njS/ifoOHB3iB0zUiUMMzAixcFP2iSMB/jRTmyzOFOAbixsxEOIwB2C20Tgz5IeaU0yi/Rm5pTgSoDEXVR1J/zOJNLPv53CqEvTkND4l2ZboYHPauqdhjhp4HXZrkuDcXHHZS5cGz9XqMW0029NY4yprfBP4V9rpgKXccTishvMyg8ejL6Ri+ZSnI0M/R8iSKh9g55oWZv5DKnyAmDqx/N5eRmSgL/aM8YtH6/YHb4+kon8suw1WV9JiG4kk40OonKZ0PnZ8qRknUhSO9Go4j+C4eJNkVjhceAHvEePCOiLR5FofJaq5A0zbamZH9EMbPv7+oalhgbO0QTsaLpdqhDvd/ZYEsK1ATo8xkm33KT5J905YrLI0xbKox4sNVFH4WAIa8ZDlzhRHT71EiKCPuDHIHdc+65fQBzqDkC2wf/ut2mNgoA/v73YgDaZxakhI3k7qZttvNQWr6kUdrY80cQlbPQCT/XbuOkh5S76FN/5Ev5uUCaxM/msQih9EN3irEyzoVSGra2z0Ob+OKoOfzR+18+VcUsDGPGiShSAswQLAy67cZuBo5FiKtevVnkntGBoiudlrVQ+ie+DKCfkAEO8+2CiGr+/4WBFYIhc7JCJ6uKNfT/W6kzj4s6NyrBGVbB3jHX8d5PfdisNkzNWOT2Nph4x4GguRd6T7ZD5TTrWFiaoWN7/CPPTE9gaP32jCGo6r7WVqa5FAhgGIbU+EL/MGJKBs5S+LGX01rzolzY6j/sHF1G1gLYzwMzLjKVR61xsD1rRL4+k4b/Mrr+Ncwa8Ww44CVvE1KockXL/mYN9bvYLw5sEFIFp6Ahks31nD4u8rosgUCPFjzqZHFmXbaFn3HIjCcALjx2i0qu4lhkmwo8NFOFBp2gnFgeIYil0xLXdwE6CJwmHHOj1dtBeEH4wdlnO9mps+k0RC59afgVBktmefOeab4zj1+W21TZn9yK6Uk8KJOaRz87Oja9oNIGcaR6An4Scg8AmHiLd3E8f0SLvtBwl9MviWayGFDb8E0CUXzxRDUHMaWPg+aDo8sBC5Qv0V5UhfrDLFoEt3r9U+5xDvzyfxpiOa/v3luvZjPL+9H+is11CigDFuKRiihU9pwk7jjAPmVrztpqYfO1zQOWOcFjcpBBjYRENsSUijYba/mClSTTr8/uBYgs+OQ3aFQVZ8OXTO3VJSJ09/xzl8TaTtp0PTuBFy34SZ5ylpUh22Zj017F03Z4qIIkLNcLCXhWxeb8sw9gPKA4giWU6PbW+uoch5s7i+BjBEJYPXAAThpGHVkmGuNuZGB/NLcq96rHdTXGEOKvrMgrK2+3V7msQtZ+zBoZGA3o+QbwLiA4VAEVBvoIGGz8ZCfx2Lu2SqJrl2PxWTuo+9Zk4cRuy18voyq4A+BWyiC6dA47ZR5FgqFuzV/s+DwTl4EyzSLRKvmeLU7Go3zKVVpvHEljbGAv4Bso/64wzHNDXpIETlTBOdZENTtxEyhnSu1D8L
10,56.0363,586,5.54503,0,YtfuhQki539iXBsi5E2BMxMjxtb1vppY4lwxDnzXslCmkaa+mpu8515QfBJm7sJ0YiU3gJghWGT8zJtO62e9pfH7pG1yCMRYnKmT4SN9PFY5Tc+KywXnLzNlNz5/7GryKeX5PgZvRfDohHKe87ctsQJb+LLZgoqyEgBKkkk11uZfI2QpXpEZHm33wMDVAIk2cnQrx13cI2sboZlCMlEp3vMaLG02BmG4EDZ+8bThl62uEgRxUpgd0XbX84Q9K8L+KnjFqOuVDssbmqaKueaYWy42QJ0C4w1gOUKEbMaXwW3e9Rs4084uRAsMJhe9nSh8if+RHtPbG0sBiCS8wAulcFe5KzHrujR53I/Np0AGjrsdEOSNh2CesqgwTT8aY0JyyRf0ZHgSUNTXVLr4DzOzN1PV5+Sn8LwKNDUlxZLo3HPauqkhohh8HXZrkcDcXSHvztcLzbXziFv/29jYrySbfBTMdw9KSPGchaisYH/aDEKjL8XxrSWyI0Y/T8iFKL9fdHomSO5DKayA2DAsgNweKpSTL/IpVZts7iYWTj+6on8+ww1WV9JQuKkk46OwnbZ0PV08adwKUSQz939N1+C46qNkVRhce8qKDMPC4iHRJahfJvqqWmzQab5N4vobPv7BojlhgTg1RrLacRQqu1vXbn0XiR1TTo8Ytm33RTohS01KnL72xEKUxq2DVFH4VAIaTZDlbhRjTF1PidK5BDGIHfc+bnfQMOKDRWETnvotcmNg0FN+7+cgIaZ2QvAIXx7q5qmNNdvr6kLdrYE0KNlb3GkS/Xbuta+js26FNrn2nQubGaxq6xsQSVNnnjWrE7wlW9LP7qJxOb+OoozVFd5184BwUjk8PZiShSAswQLA03DcgqKE5d+KtIxVXLXttBoKTdmr4v+iE+cKCfcgbp89hild+Q78pGPx+WSbiFgASyz1i+F3UladDkIX9eru79A0cyQ2h7/mi2TW8VW2e9GINq+dsbwUCUzGMmj7Gy+SMXaK3MchXHJplP6Pvz5ARxqxkBSvniV7JwMcKKk+nxO93KOqM72jP7Yy0uOnyAODm/TyMeZd/dsS1lmCnL+8fEWvdgSAzXsXSKgrl/jz8T75AMnr5/CbAuYvne55oKUQ77UtrHysTv5Bt+RBdD26IQZPAT+59Sa+MNu06Wb7bAUX8TP5d6sJw3/0FMc0x1PWNFPaYfkJGF6chebI5kJKaQcUIAfuh/olWVca6X2/c2Vl6DT0oQLLAz8viBJ+n861dqgSqSJmAupqf4pk/TBI1QqzCgvWMN+ncCnooyhY5mllUOaemDovfkj3sfIbOmSa5J/nYOhdBZLmmm6yhvnsEW7dxi1pVUcKUdTMUGceRNUtvXcOpuNKZX48c4uEzLdqW4VqVZBRI4beO+TxBAe5/sh+QGGPQbNDywKKpCGJuwy/KJ/sl2DQrPZzaPYfymKxofsJRQIUncZ4rV13s1FsYE6AEaiPulhCEw6UwtSizNTE8V1G9a4Y6N832qIMlZmnbgcjpFlu5wOsrXAk9NqdaNxrnwVr6P8gXvccxrRbYc76hDjgrLuHr/rvCVXrxlzYOS3zADfMt27O0E5snmH43lgK33bE4fa1sQF1i96ZsfKT2QKhdDc0cOAEg08XOQFQq+FP+WJnfnBB+Wo8nNlAdYu2Nju+NkXHSLh8U4yhv9L7BRhlvbsKlvfm2J6V+yMpbQVp4b9oIpyRumLhhpoJSgyLtp748TVyYRge4E+6daAcSgnQyqizlhT1uTyztFE/Xdu2x1BKigUSw1dSmrkDCBt9dg7myjlX/zOCxjkD
11,1894.52,2000,186.252,1,K3uuh9kj9g9HSBy57EMXMoMXxtE1LppYEkw83AFX+z1mIhlwmpRATH5QEBCd7s60P2Y8OJgh7wsxz4EO6ze9p/d7xU1yHtRYytmTLSNNPFY5VcLqPDX1MnN3EzP/7IDyXbX7P26vBCLO/jYe6d4tHyiJ+aaNroqyPgeKk6F15EEz72EpXpV9Nb3RwLhjyKk2coZ2x1w6I2BBoZlCM/EpJ5MaAv0zBOGMADZq8bT9Jg5mEYOxopga0XjoneQdK8nAknhFqpuyujbZmPi5ueaYdqo2FA0oDD1MOJgfbTKXwW8e95C40840YqsfbVO5nBSQiHdOHB3iB0zTiEMM1Au9cFe2ISMB/jY33RJNF0AbiSsxEOINB2Ce0Tgz5BeaU0ek/Rm5cZg3UDEXVuk4PxIiNLYv506mEvMkJD4l2Zb6YHZamzdhjhp8HkurkcDIXHHZS5fGzea2MWv029uLbcpzfBgwd9SKgyXcoaishvMyg8ejL8Xi+ZSnH0M/RRi3Kh9n55wWZv5NKnyAsDAX/NdehfSYL/aSVYtU65swb4rjon81Sw1WV9FiG4kk4hOwnUZ0Pn08TnknHhSOeGodD+CpeGNu0jhce4HvE+PCOiHRJb1eJvq5f0zKamZHbExbPv7+oalhgbR0QTLaHRdqhDvd/Z0EsKOABo5xpm3eKT5J905YrLI2xbKUx4sMVFH4zAIa89BlzrbHY4nEiUKCRxJIHdc+b7fQBOqWk62Ta/olQmOg0zSv730gIaZfQkhI0k7b5qBvN4ur6kUdrYu0XQbbPGCT/XbuOaDjn76FN/nEv5uUCrxM/msQihxnN6irE7zozSGr6CJKOb+OKoOVzR+18+VcUpeKtjV6ISw0EOdNu5ynMt3u4/+k0HObmt4EcHb7IZdez22qY+kP1YO0ziLl5h3G7oeL8PtcxyFpPA/HwfAGewsBW4bT+yobveDSdw6PiGPa49XFMPTf8ZQUaksq+wc1M50vVTltEO5Cjl4Nf+PXf3hJEykSemcZ7w9QqKiN4QwZTffL7PVaJ/BW4CDPE6qm3xfweQqTTTbmorpk2IMjEMJ5ard81Q4CCFlvTbh/YiEyYdOPRlFBlr5CSjib0cYK/ytQc4oilgA3RRt3k0RjaD3pHGgzYBcM51uDkbob8kz9PkqrnCX/1waE9E8lcEVn6wCCDTtAedHzi4qXj5KY5iH+P8cLG//+f8QbPwUYKS30yYHT4j1dtGekHPwOZnYpmpsZi0R159aMgVQQNVefNeab4zj1+W21Tvn9yK6UknKJOaRzf7OjZ9oNIGcaR6AnIScg8AmHiLd3E8ffSLvtBwl5Mv4WayGF+bhEKwUoLxkDUHM6P3mrAKo8szC5Q1L45ULJrb6dRmt3p7UtoxDvzy+ipiOa/vtlwoZjPi+aH+5s11BigDFuKsiihb9qwkvjxEPmVrztMqYfOhuQOWOc2tFp+BjYRENszUiEYbqPmCnCTNr8/uBYXY+do3lFQVZ8HXTO3asSJ09/xllSr4Ttp0PMuBWI34SAJ8lpIhf2Zj017FI3Z4qIrktliLCXhWoe4ZsJ9x0nNegizP6OhW+ukch5s7Z+BjBEJFPXKAr9WGHbkmGENuXGF/jYcq9LrSVT4GEOKvrMbrq2z3V7msQtU+zBoZGAPo0QbkpY5wVA78BvtIbGy88Crx2Lu2ywJunePxiTuG+98L4cRuy18Yoif4bzBxviU6dA47R15FgqGuzV/dMDk0lWWy7SLyKvPeUU7WoUzKVVpIHEljbGA/IBst/64wztOnXpFBwlTROdZENhtxsyZnru1D8g
12,4543.17,2000,454.117,0,KtuuhTki9T9HSByX7EMXMoMXxtE1LppYEkw83AzX+zAmIhlwmpRATH5QEBCm7s60s2Y8OJgh7GYLz4uT6+e9p/S7xU1yCzRYttmELSNNPFY5VcLqPDX1MnN3Ez5/7IDyXbX7PUZSBCLO/jYe6d4tHyiJ+aaNroqyPgeKkA4188EzJ2EpXpV9NbBRwLwVyKk2soQrx130I2EBoZICM/EpJ5Ma2p0zBmGMEEZq8WT9JgAhEYRxkpga0XjoneQdK87PknhFqpuf1PbZmP65veaYWqo2FA0CiK12OJgfaTKXwW8e95C40X40YqsMPVO5nBSQifowHB31B0zBiEMq1AuXcFe2ISMB/jY33RANF0AbiSsxEOINB2CI0Tgz5BeaU0/kfRm5pTg3UDEXVur4PxOiNLYv506nEvMksD4lIZboYHZamzdhjhp8H9ZrkcDIXzH4S5cGzeXqMWv029NYbyp9fB6ec9SKgyXcxaRshvMXg8ejL8Xi+ZSnS0M/RRi3Kh9g55wWZv5NKnyAsDA2/NdeRfStLlaSVYtU6isxb4+jon8sSw1WV9FiG4kkJhOwnUZtPn0k9nknUPSO9G5XD+C4eEdkVjhce4HvE+PCOiHRJb1eJvq5f0zbtmZHbEUbPvB+galygbR0QTLaLRdqhDvd/Z0EsM1A9085km3eKT5J90fYrLI2xbKUw4sMVFH4zATa89BlzrRHY4nEiKKPAxHIHdc+b7fQBOqOkW2Tf/otQm2gK/SE730g0aZzQkhI0k7b5qBvN4ur6kUdrYu0XQbbPGCT/XC8Oahjn76FN/nE15uUCaxM/hsQihxnN3ipE7zozSGr6CJKOb+OKoOVzR+1r+VcUp7GPGiWhSAswQLAy6kcZuBo5uiKtejVnk/tgBoiudWrQC+ie+DKCfkpbOCr2CiGr6/OTBFi4hP77oJ/uwNDT/w6kzy4Q6JywBGVXD1jHX8d5Pfd9sNkzNWOr2Nph4xo4g/ud6T7Zg5TtvWoiaoHNbICPPTEiga/32jVToDr7WEqa5FAhgGIbU+ELvrGJKBs+S+vGX011zoYzY6j/s8F6G17LY4wMzWvKVRU1ibh1LQL4+z4R/MrrfNfwa8WwW4CVdE1IockXL/mYNvbvYLh5sEFMFp6Ahks31JDruWY1sJUCPFjzqWHhmX5D7n3HIWCvWLflJK0+ushHkmwo89FOFBe2onFJeIYilquj9dyEGC3wmHHOj1dtGekH4wuZGYpVpsZi0kC59aMgVwkNVDfJGab4zj1+W2LTznQy70UknKJn4Rzf7OjZ9HN1GyaR6AnIScg8AiHiLd3E8EfSLvtBwl9Mv4WvyGFDb8EKCUoQxnDUHahW3gPqKo8sm4F73M8TGeOqc7yKViWI5V98wLakQneWHwc/6OxbiYGinnjOslizeeeN/B0NYr3trOKvC5oAGQ5sFWHXLExBEWB5b5ElhT504aQRUbxEDi7SHLBPWRbHemUleSQ8IKhNpeXA3m0u6AbfTQTTF/Y8PBHpxeHfM4reZXICQR/oV7lLtaHbzAiNPMTzN7zPkRWZFHnpt9u13F6Up8IvPwSb5X1B6vBH9r4HJCq6aNVR0ewass+ifOjjoZ7/URlgFl5HBbZdjMmXcHyRSNWFhDYQ1k2jACnsnxfA1GVviiYG5CkTOkaTpJkIwYAcWtfGJNFtcA/Jf2RJQxYmO61U9jLQLzuYWfJJYrBYyUhJcn6Bx0+F799PcTNSOh8dxvMwH9bE6K58e2pJ6QlqfOcHe33gQxNbh5DSatbfVuqhZd8hPp1SMf7Cez71G7vQZxi/ijh
13,3328.26,2000,332.626,0,e+HJWomT+nWHpO4SafWeDEoHUYyXQWhcJJByisy440isSTspOVTJmWu9LdJxwE50ZeM4nsGSwFULqgbF3BZwo48jVIdI1v6Uj6ivLuarqnNeabVdLRddD4Fq11en/5lqYjYGJNEfTv4stOHMwWorNbdcGtGREAWjMTMI0E5Ss2J5zDq/jg3+KAp2WhL+fUYQ3y180CEtzD9ItMeqNo8FCmr0tvgC1w8VtnvVIPfqhRxJ4168MD847fG33R6VlpFdk3P6E2L8NsAGGThlEsMvjknaC7QZiWk7t/mbIGCS/PhBCHJ5X8RE43fK5l7nAuuYfKegl6kLtoaMlyAhvJDLcYF+Awy5Rxgzfxq/KLlIJt4s/9O6tMeYYsWna/fMSnXcOyrRWbPjyvFf6d156b1QThnbw6PmTmMwwq51FZ/vc9lpvspKaKf0yBKO5uDHQZlfq7boeSLUo9EjirPkL55nRy4eaxFhyIYkP81Ma6GnTq8wJuXE+ZSCIoH/smi3Kh9gC5omZv5DKOLAsDAX/NdeKpSTL/aSVitU6iYwb4+jm58syMEWV9Jiz5kk4uGWnbZZyS08TRknU6FO9Go4Did4eGNkVjhee8qsqjPCOOH8hF3fJvq5L0IyamZ7bEUbPv7+D8Lhgbr00TLaLRgqhDSdcZ0EsK1gTQ8pJm3xKT5gw05YrLI2xbVUyqspVFH0VAIa8ZDlzhR5T01EinKTuYeIHfc+b7ftBOqDrW2Tg/otQiNg0Z0v7WYgIaZ3QkhIXk7q5qSvNVur6kLd7im0Q+lWPGkz/XbrOL+jnd6FN/nEnAuUCAxM/msQihNn+3Nrl71ozSGr7qzoOb+OKoziFR+18+VcUpDGRZiShSADwQLxDyDcKxB25siKtevVnk/tvBoiudyr/QOieIoACfkAbO892Dmsr+/OWBWi4tP77vofuwNfT/36kzj414N6rBGVkDojHXSd3PoD9sNkzNWuX2NDh4xH4Nu9HwTZZg5TTvlFizVH+b/PPPTEiga632jVGoD57WVEt/cthgGIvU+EL/MGVFBs0S+x3XNErzoYzY6jVVfFKG12EY4wWzhgKCA/1iuD1LRE4+k49//rl+Nsw78WwW4CVN0ZYockmL/rY0vbv0Qh5sTFIFp6Ahks31nD4u5iosg6nPFj5qxJFmXGDRk3HIzCgWLj5ui0q94hHkmJtRsFOFBL2jjFg0IYqiqxL9RyUJC3QmHHDB/g3kZtZghLx14kUnv+O62SqV+HhHg1ZjKVbK79vqeY7XvnxqaTNmE5cEaXVYuyftKaSFnEhieHZ8mw7aBogAk4Uxrae2kKroD1Dw0gC6iPNM+AIxWnefWr8Xm521f+cWQm+APXg34F7qq8TGcOqcryKQiW85BX8wLakQnpWHwc/yOxbiJnnnnjOslizeeeN/B0NYrfXrObvR8o8GQ5sFWbXLK0BEWB5bNElhTh04a9RUbxJVEGvHjBUACbHZmUleSQ8IK0yqdXAsmKu6AbfTQTTn/Y8PBH3xeHpM8reZXIG1wBoV7lHLaHxd7c3PMTzN7fPkRWZFHnptA0z3F6Ux8Iv7wSbiXyB6CgH9r4HJCq6aNVlAE6ass+iwLjjkZ7/URlgFl5HBbZdjMmXcHpRmoWF+DYQ1k2GACnsnLfA1kN/iQbT5itTOkabpJkIwnAfWtfGLRFZTA/Hf2RJQxYVOi1hBmLQLzu7WfJJjrBYyUhJcn6Bx0+g799PclN5O98dxvMwH3bE6K5We2pJOGlq0OcHe3DgQ2N1h5rSatVfVuqhZ7HhPn1SMf73lzq1G7vQZz9D3mh
14,0.5,500,0,0,xXC5zm3CXZqBlOthGBVCk5DTSsrrEnuejZFXvcFnWfjUqyY7fFIyz7mNGIHXE8lj3xcbrT8FtgP3OvsZr0OScfJQoRz9kvhvxxXA2LPHIsJnTGxRB3gM4zv4V5tc2JooXAQuEvc86Mo33mO7p8TK2hzpggA+07uykp3cVz0sC3dZICXCR6A0YOSD3yFXJq9WA56BsQCXUJAirfDTqCwgVEO8KiEZ1gpEhea8kDemK3gtTSX91GmOXI5+3M3CJ8w3V3zT3vfLz3RXww1UZZQkyNGfYBunKCDsSmqAsekPX5SO0WhnrkUUkSJXbnj1tUqgc8LfzcyQIkpk4iR+wp1mx2olAZoPm6kkV4XXLoIa4dHs4PEYMvLb3ffB0hRuiCBzMf/CYBbmDRD+ozKiduYH6OpBIiP/2E15hmJ61UHiIhNnV0ZAalSgImFNqu8+jXjmj0SDF1YojZROhDSBzz2wgY8cjB0b2CXyczTP589YPI7B7VIEH4FzJI1ZYjxP7fjDptgLBGmOWH5aTxaF04EGqOG4o0+HQjte3Wj52D0Js/eg+79ASB6gIrs9xNocHo8u7Xqav0BNsUMF/fBiYIg8rKOqPCmPn6WMx22jhsRnG/0Yghqa6Q2Rds/qfJwF0qigAyg+Q7UwZeI/7FIBCzVCeh9q9cFMBA3O6XtmKzk9AhqgcXRDa9eCXOrYuZEpg6LgX7Ky0u6Clzsvv7g1Mz9ThwhTLGe+EWABdwvWs+wF9pI8JPwVc6esVd2Bm6UfukdmQ6Rap3EofJQWxrYtyFhIcBpYw6AUub31f0MDPnPdScNNCEvfYTrsy7lR/gHeZctJtsC5gGDwN8qdO48FlvRPgwSKpzp1wgTlF0MygboycpOnF67pSMAjQMtCb9aXQMgUw1xmfQZnl6nw8jOShMfqlasXSbPwvoglUfXMzZLzP/0Kb1J2A4kUi4MnnAoiFPPDAHqrV98jVIFvSq4SXk+OaDUDiH6AQ7XVQdQ8sRrwQpoHbvmXEBxnM7u+r48DbANsm0Ky55u7T3SGMGe2kM/gSGqlux0pqV2BMZGkTgKsNbURYCVJBaskpBjH+dYgXpU8MwcrT+C59lAWP5nC0fipjwNIQX2TfbFU2NIsnK2HmHydOBU0nJOCXtSlB0wL3LbvoqHBanMPcemDQ56xyM9G9cH/lIGwivP3wtySSdWwgN61Dk+tSWIjXgODJvnH84AxczDtj10VKtl8IX0tnNG+FntgHULLXZODUOWSkIi4/P3Dd1ZxXMvtNwEFD58z6+Jj6aPfa6ZrTOxl2PrC+98akhpqBoZpvacCKhOzNqvCPR8/Qd56ZYktW37EkuDuWgUXxXN8cVjRimBD9/87p0ZbxKOfC+4ILRf6r3k1S8zY7aY8RQLKMZZDup5P6qa9wbnJWJD3tI5XFxO+74xu5eNh/YVEEdga5jxbQUDpRBxXIRu+aC9H3uanVhTOMtCsw88Bl9i087cZnaESR8i05BQS1hShMQsQfUZw1ULMmL8sbTVtYCNPZL7qaC2XT2C3kHHyGb7coPMn57OfPkRsAF+n6tIj13h6U8IIvusda4Xy96aDH9r4elZy6a53ldegass4awhjjdZ7oUOvDFS3jBbZdjmSFJeyimEwFFDYQ1F2OAClsSxfY171Pi6YvSikLOraBpJj9vnFrqWfGcNF+dA/JFtRnGuY9Z+QIumLILzu7WfJFtrBYyUh5cnmOx0+gc99pflH5iIBWEgrwH3bE6c5We2p83GlqBIcWH3fgQ2F1hjbSdmVfV1qKc2khPn1SAfbflzq+AbvZZx9DimV
15,0.5,500,0,0,XeF4A+vwR1QrFDkdQgbebedfdv6pFcB+ulJHiHez3EJXuSXTfzq7fl1EvFBNTr+zqqdPNvLIlevIxJA0bF7kI0rV1Zp4ppTXO6Knywi8fFjeabVEsRddD0Fq11en/FXjYjQGJOZfNb4s9OHMwWorNbHcGtGpqDWjVkMI0ES3s2J5zDbpjP3dKnp42hRcfUYQ3TG80CEtzjjItMeqNoXFCm5OtvgC9wQVonvVIPfq7oCJo3K8MD84RfGiXR2DlUFd33ixE2yhNsQhGTbQ3ssvjknaCLQZPWS77/mbYGgS/PGBCHJ5R8RE43fK5l7nAzuBtKesJ9kLtkagZd/hiJDLsFFcAwy5ZngYSx1/eLlIJt4s/TO6tM2OYsyta/fMSnvcOy14WgPjyrFf6d1Z6b1cMhnGw6PE8LMKNDflxZLo6Hmauqkh8C78HXZrkcDcXIHvztcLz4XzMFvX29jYryFxfBvMdwSnJPGchaissH/ag8ejL8XxrZSyI0Y/R8i3149fd5omSZ5DKayA2PAsgUweKpSTL/apVZGs6iYwbj+jo58sww6WV9JQuKkk46OwnbZ01V0G9Iw75hQz9G9Nj+Cx6qxkoRhce8qKDjPC4iHRSahftvq6BmzQab574CobPv7+oEohgTR1RrLaLRQqu1vXbn0XsR1TTo8Ytm33RTo5S01KnL72xEKUxqGDVFg4VAIaTZDlbaRjTF1EidK5BD1IHfc+b7fQMOKDkz2TnvktfmNg0bav7+c9IaZ3QvAIXx7qpqmNNdvr6kLdrYE0KZlb3GkSAXbuOa+jDd6FNrn2nAuUCaxM/xsQSVNnVSArE7woWYLP7qJKOb+OKozVFd5184VwUjk8PZiShSAswQHAKqDcZqkE5d+KtIxVDkXttBoiTsmg4v+iE+cKCfcgbw892ilE+Q78p+P9+WSbiFgASyz1iWF3UMadDkIX9eruIYA0cyQ2h7LmOJTW8VW2e9GINL+dsbwUCszGMmj7GyDXMX4v3Dc2XHJ6lP6Pvz5ARxqxkB8vniV7EwMcKKk+nxOp3POqM73JP7Yy0uOnyAODm/MyMeDd/dcS1lmknL+82EWvdgSAzXsXSKgVl/jz8TR5AMn75/CbKuYUne55oKUR77UtrHysTH5Bt+RBdD26IQZPbT+59Sa+MNu0hWj7bAUX8TP6d2sJw3/0FMc0xfPWNOPaYfkJGF6cPebI5kJKapFzIAfuh/YlMVca6V+/c2Vl6DC0oQLLAz8vi1JPn8n1dqgSqSJtAupqf4pk/TBI1QqrC1vYMN+ncCnooyhY5mllUOaemDovfkj3sfIbOySaen/BYOhZBZLmmm6yhvn4E57dxi1pVUcFUdXMUGJeRNUzvXcOpzNKZS48c4uEz3jqW4hqVZBxI4weO+XMBAe5/sh+aGGPabNDbwKSpIGJuwJ/hJ//I2DQrPZzaPYfymKx3EFJRoOUncZ4rV13Y1FsYE6OWaiPulrHEw6UEtSizNT98VVG9a4Y6N83pqISlZmFbgcjpMlo5wOsrXAk9NqdaNxrnwVr6c8gXN8ckrRbYc76mDjgrLdHr/rvCVXrxlzYOS3zADfMt27z0E5snmH43lgK33beufa1sQZIiE6BsfKT2/KhdDc0cOAEg08XZQnQq+FP+3JnfnBB+oo8nNlAdYu2Nj3+MkXtSLh8U4yhv9M7BMhlvbuKlvfm2J6V+yM+bQVp4b9oIpyRumLhhpoJKgyLtp74uyVZYRse4E++daAccPnQyEizlnY1dTyztFE/XdJ2x1BxigZSwsdSmhkDCBt9dg7myjlX/zOCk1vD
16,2656.17,2000,253.417,4,KtuN+Qkij39kcBL5KwbXMoMXRB31LppYikw8DAzo+zCmkhtwmpRATH5QEBCm7sJIC2YvOYS+RGYIzRH46+59p/d7x01LCl/YntZT7SN9PqY5VwLKPD9iMzN3w2x7brO/B3/4NXuTW3vihyEFvWVzFJV8YzFdOop71N66SiGzE8C3TaQdK/VaYWXOaBZIoS+TQHLDAqkTaLbnUEzli5+CX6elYGjKxdetvbJKqeq49MNIz5HnYRLczxrftM3CJ873bQkcuvfL93RCw62UUkG1yRTfe1JnbsG9Sm4AsekP6aSO0WhurkUJySJXbnjQtOqrG8Rfziy6Ikpk4v5WwF13x2IWDZo4m6kkV1b5LY4a9dYp4tEHMvJw3IuBZCRuRCBrGf/vLBbmDRo+o2bXduYHQOpcIQ202SmC8oQ6RUHiIWNsVeZA97IgIpFdqX8+kXg5rsSr71Yo4AROh7S+zVgwgY8cSVXw2Cxyc+TP589Ysb7B7VItTnWzJI1ZWSbP7KjDsQgY9GMOWHarTxaFuDE/qvGVo0+HQbLe3WjB6D0J6/SgM79AV4elRMs9xYoOfo8u7XZaEQrjbSyF/fBTsI28r88xPemFn68Mj2Tjhg39GOIYLKqa6t4ydUhyfUWq06iM4yuumutwheAy2FiBCzVCe09+RIFikA3ObXtmKTk9p3mgC5RDa9u2XOraMZEpg6+gX7Xn0O1XlpsvzZ+1Mbrz1whskG2+gWWBtwvWs+wF9U48JPw8JFvsKd2B86UfukdPQ6Rtp3iccoCWkDpIylhIcBpr864Uu0S3WmGDPnP4SYNN4tyfYTAs77lR/7meZc5JtsC5gGDwNS5nqa8FuQRPgB6jNAe+t4t6MSwNE89NupenMt3u4T+k0BOwmbLE2H77bPdezy2qY+AeUYO0hiLaXh3460RLoWtcxIlHJciHwfRGdUsBW4bP+XoOYSDOdw6PiG+Q49XFMihflZQCHHsqwIF5aC0vVfltcd5Pjlbkf+Pgf37J0g7S8mDZ7dDgq4Lz2QwZTffOVPyat6iW4CCPG6qX3x7LeOqhTMblN7pkN/EjEMJ5aOd81QLhC6lvTbh/XixyYdOPRlFBlR5msj3Gu9YKmyzQcboAlgA33RA3kORjPD3pHGgzYUrH+nBDQbob80i9PkqLnCX/1wahaEZlcEmn6YnC1TtA9dHzi4XXj5fY5iHlLqcL4Kd+g8QBmuXoTSm0VY3T4j/jtGekH4cOZnYpmvsZ+0Rr59aM7VQqNgefOeab4zE1+f21TvnmyK6UknKJOaRzf10jZ9oNIccaR6AnIScg8AmHOLd3E8NfVLv2Bwl6Mv4WayNFDbhEKwUoBxnlUHf6W3g6AKhRVzC5Q1h44qLJrDfFRBtyn7UeoxDvzy+xISOa/vel+dZjPi+9Hq5g11AigDFuKsim4b9qwm7YBgPqArzrckLQO1uQOWOc2tFpFCjYRoJRzUxEYbWKmClCTx78euBY/YHLQ3lFQVZ8HXTgXksSJV9/xll8r4Ttp0nDuBWyk4SCJNlpUhf2ij017FIA4EqIrkLllrpXXSx54ZsJ9xHnqegiFPZObX+uochds7v+BjBEJFPNKA59PEHbkmGEnuXpf/eccq9Lr6WTKGEOuvrMbrK2z3VRmsQtU+mBGYGAPo0QSwp5eBVAnVBvtIbGVuZVrx2aX2y+Jun2PxiTdG+98L4cjuU18Zoif4AzBxviU6dAg7R15rYqGuzV/dMDk0lriyPSLHNvPeUUw5o3zKVVpIH7ljcGA/IBst/Z7wztvNXUFEblTCOdZENhtrsyZ9rs1D8L
17,3034.34,2000,303.234,0,WewWXfyqoIbk6qd6jPn9VqP89agAGjF6cuU6XDMbLivpKOnaada6DxBO6rJ1b6pe6jSPG5zamCS8AawxpJ/xhuEy+v9rWOSu8TB8J112H1UrsjATCXX9bplNodwNw7Do5c334bNkItJDcopwvPwEcu59H1zB8+l1DxYOgNq6iHNTOybammKOOlwghUHZ4Hy7qK8DECMab7eEErLVWQ5F3VsYHKwAYkHld74kZOMW00VUFpV8RpI8TF247OM8N6yX7lTfuhSqbt5hlG22CaCjb9akefaomGfCxp5RFu4eOAc9ySHGLH4/BefYDzaEuJmUNAK2oH6tuNLp6p3RGn9VlIWirHgJw1m2rkbN9yljs/MA2DQQGHBfwv6CEXADGQDJnf/CjBbmDRAuolOXdn4ZQgp1IQOr2S1dhoV6UUHmIWthleZA1lSgbSFWqX8+wxgmj5SDs4YS4AROh7SSzzIwKY8cje0b2Cyyc3UP589YsI9wE0mdyy+ABq7Ml9/JV/oTFVzb+ZT72Z1Hh88xZa6wy2EiyxVWZi4lyimQYHEimgA8ZVn4IaNPB3Bs9/Ex72z1fWHfKSXcp0F8+zW1NosMAUfBGWE4ROP8Mrelrk1HcEfCgnLUMAVA69jFI2Bs75XBBRdaQXn1gO+tGPgNbSAOGEz4PbssIwPUwrv8JcN+kmf/qodUBMSUF4MQweosp+glcWIZe26CeekuFZ9z3WWRqnRkcr6OGKpZvwSy7AvTvX5tzFONkq8PoQwqUS5CU/ebdp83ymRDJ0M80mU/wWoSFxvHlPHhQOxAFKXbS/SOcCVc0XgeJ79cqh8JEX1YaOGgf5c0lPFASrJRGWEm4rwvsQvHeuxMdmObS0VXhaZP5QlzYB+y+a974mSqWvHc/Wqyiifa8oKjjXZ0Z1u/ofvUMiUN+77opGV5Qqb+i87ASyefgW+pdMMgFki2YeruGL6zHyQ2hbjkOC0W8Vl2e9GINqXdbR0Uxy+Sqm6wOx4S0cGL3DR2XJGp5+XPXz5ft8qPkmSvBiV78PMaK2k+8HOH3PduPX3kP7Yy0PPQpeht6/fyMdDd/AXS1xWCWYX8fEWXYqu4kXsXuKZrrPjz8ekkAUns5/CwWu5Yne55oZURC7UtrH7sTHL1t+NBd3huKQZP8Qqr92a+MYv0hWn7bKdX8zGcR67JQG/z5vv0xxPPNFqaqLk5oA61Pxwas91qMQuUUACuh/zny+cw5X+pc2VHJdT0bQQGA08Pjpdia8v1dsT2l5JIHOpKf9vkfQBU1mqIC1vYVN+cO3VofyhY5By/UOaemDovfrj5sfdKRASaRnGSm8IZBbLmdmlphv4cEWndxi1pEdcR1dTPUtc8RDwtnX1EUkNXDXQ8F4u+03dqW4VqVZB9I4seTR3xBAk5/Uh+zGG7QnPDbUKm8QGJ2wy5hNRml2DnrDueAWYfi3Kx2fQJYbOUnr12W913tVFsY56AWMixul/HaC+pltSizND98ARGmqbY6ND32EHMljMojfc2W7l75whkreA89JqjaXxrn/Rl6q8PS5aNrr/lnuaGmD7nKLHurZrvvVXGThTZLSnzAKfbrU7b0E5simJ43lgCh3+e4faYdvwmibYXsPBTHQKhdDrCfOAEUH8XmEn4ff3Y+5VjZnBB/Ao8nNR8wKu2Nl3+N4XHn6hnUtyyaKoQ2MZlvbsNoHfm+JuVTyZQbyVPhX9oIpy/Nw9hhpoxyg1Btp7tX9nZBiye4SR+da9GUPngvqezloTid3u1pFPR3X32SD0KpZoSxsdSaezOXWt9pg/mkjlhJzOrfjkt
18,3405.55,2000,340.355,0,YtfuhQkiP39ibBsi5XIBMoMrxtQ1vppY4GwxDnzXslCmkaa+mpu8575QfBD87sJ0YiP3gJghPGTmzJHO62e9piV7pG1yClRYnKmT4SedPFY5TcLXywX1L0NlNz5/7GTyReX0PgxvRfDdDHmeF7QtsQiJ+LRGgkqySgBTkk411uZMI21pnpEAHb33wMDLyKk2cbQrx136I2BBoZlCn/EYL5Ma2v5zBmGMEDZqxbT9Jg5mEYRxkpga0XjonQQdK8nPknhFgpuy1jbZmP65ueaYWqo2FF0Cih12OJgfxTKXwWreM5C40840YqsMbVW5nBSQifoOHB3iBnzBiMMM1AuX3Fe2ISgB/jY33RANF0ADiSsxEOINB2Ce0Tlc5Beae0/y/Rl5iTg3rDEXVur4PxOiNLYv506jEoMkJD4l2ZboYHZamzdhjhp8H9ZrTcDIXHBZS57GzeXqMWu02ENYbyprfBgwd9SKgyXcxaishvMygGejL8Xi+ZSnI0M7RRi3KL9g55wWZv5NKnyAsDAX/NdxRfStL/aSVYts6isww4+j2n8sSw1WV9FiG4kk4hOwnUZ0Pn089nknUhSO9po4D+C4eGNkVjhce4HvE+PCOiHRJb1eJvqIf0SyamZHbEUbPv7+oclhgbR0QTL4LRdqhDvt/Z0EsK1A5w8xkm3efT5J905YrLI2xbKUx4sMVFHGJAIe89BlzrRHY4nEiKKPR8HIHdc+b7fQBOqDkW2Tf/otQm2g0zSv730gIaZzQkh20k7b5qBvN4ur6kUdrYu0XQbbPGCT/Xbutahjn76F3/nEvcuUCaxM/msQihAnNnirE7zozSGr6CJKOb+OKoOVzR+n8+kcUp3GPGiWhSAswQHAy6kcZupo5uiKtevVnk/tgBomudlrQhZie+DKCfkAbOKr2CiGr6/OWBFi4hP77oJPu+NfT/W6kLj4sUzywBGVDD1jHXLdiPfd8s8dzNWOr2NphpxoGg/ud6T7Zg7T2vJFiaoHNb/CPPTEigy/32jVQo2r7WVqa5FAhgGIbU+ELvrGJKBa+S+vGX01rzoYzY6j/sdF6Gq7LY4wMzpjKDRU1ibh1LQL4+k49/MrruNfwa8WwWcCVdENIockXL/mYNvbvYLh5sEFMFcnAhks31JDruWY1sgUClFjzqtHhmX5DRR3HIzFcWLOxJi0qu4hHkmwo8aFOFBL2onFgeIYilqxL9dyEGC3wmnHOj1dtGekHCwOZG4pmpsZi2dC59aMzVQkNVDfOGab4zj1+W2t6zn9yK6UknKJnhRzfNOjZ9oN1GyaR6AYIScm8AmHiLd358fZSL+tawl9Mv4WvyGFDb8EKCUoQxnDUHahW3grqKo82L4F73M8TGcOqcryKViW8IV98wLakQnMWHxc/6OxbiYG9nnjOslJzceeNLB0NYr3XrOwvC5oAGQ5sbWHXLExBEgB5b5ElhT504aQRUBxEDiGSHjBPWCbHZmUlecQ8IKhNpdXA3m0u6AbfTQTTF/Y8PBH3geHkM8reZXICQR/oV7lL5KHzF7cNPM8zN7GPkRWZFHnpt90H3F6Up8IvPwMi5X3B6agH9r4HJCN6aNVl0ewasW+iwOjjoZ7/URlgFlhHBbZdjWmXcHyRSNWFhDYQ1k2jACnsnxfA1GV/iiYq5ikT0kaTpJkIwnAcWtfGJNFtTA/Jf2RJQxYmO61h9mLQLzgYWfJJjrBYyUhJcn6Bx0+F79K7clN5O98MxvmwH3bb6K58ebpJ6QlqfOcHe3DgQ2N1h5rSAtVfVuqhZ28mP11SMf7Ce8q1G7sQZxc/imQ
19,1555.3,2000,155.33,0,X2F6A+vwR1QrFtkdQgOYeeRf5o6p+ct+9lJHidyzWE8tuSXzfzq7Fl1ElFBNPr+zUqdPNvLIl3vIxJA4bFCkImrB1np4LpSQOMKnyw9T2FaWabCdLRddDFFq11en/FljYjQGJNgfNw4stOHMwurrNbdcGtGREGWRXTMI0EQ3s2J5zD4/jgzdKnpk2hL+fUDT3JlR0CEvzjjItMIYLo8FCm5OtvgC1AQEonvVIP7hhRxJo3K8MD84RfGPXR6rlUFdk3PxE2LKNsARGKbQSsMveknajLQZiWS7t/m6jRCS/PGBCHJ5V0REJ38g5l8nRutW4le3JLkLtkagZ5AKvJDLsYF+Awy5ZxgmSx1/eLVIJt4s/9O6tMeXYs2ta/fMgnvNOyr4WgPjyrFT6d+5671QBhnqI7Pm8mMwwq51FZLvcS4pvspKaKfKyBBHruDHthlfq7bWCF2Uo9EjirPkw55nRy4eaxFhyIKkP8wMq6Gnpq8wx0tdyy+A/q7el96JV7oTFVzbZZd72UmHVT8xZaywy2EgyxYWZi4FkijZ610JY/eI+79AS4PgRMb9xzocfo8u7XqaE0rNsUyF/fBaYt28H88NPCmPn6WMx22jhsRnGGfYL/qa6Q2RdU/yfJWq0qMg4yg6autwZ9A/7FiBCzVIet9f9IFSkA3OYXtDKzkTAjqgc6RDa9e2XOra6ZEOm6PgX7KN0uyKl0svn7O1Mb9ThwheLG2+EWABgwxWs+qF9p48JPw8c6esVd2Xm6UfukdPQ6RVp3Ez2owWkrYtWFhI1BpYw6AUub3xBm4OPnPp8cNNCEvfYTus7clN/gHeZc5Jt5C5gGDww5qdPamFHvRPgU6nsIeKtjz6ISr0EOkNuuynMt3ui/+k0HObmtuEcHb7RZdez22qY+kPQYO0zFLl5h3G7oeP8i3cxHlpPA/HwfAGewsQW4bB+yoOva0Sdw6PiG+G49XFMitf8ZQUaDsqKwh1M5JvVvltas5PjlbNG+PXn3hJx9kSemcZ7w9QqKiN4QwZTffLSPVaJ/BW4CCPE6qm3xfweQqTTMbmorpk2IztEMJ5ara81QLhC6lvTbh/YiEyYdOPRlFBlrCCsjib0lYK/ytQc4oilgA337t3k0RjoD3pHGgzYBrM31BDkbgX8kz9PkqLnCX/JUan9E8lwEVn6wnCDFtAedHziSXXj5KY5i6KPqcLFK/+f8QbPwUvTS60rYHT4j1dtGekHXwOlnYpmpsZifRr5LaUgVQQNVefYeab4rj1+W21Tvn9yK6UknKJOaRzf7OjZ9oNIGcaR6AnIScg8AmHi7d3E8ffSLvtBwl6Mv4WayGFmbhE4wmoBxnDUHM6W3grAKC8szC5Q1L45pLJrD6FRmt3p7UtoxLvzn+xpiOa/v3lZdZjPM+9H+5sV1AigDFuKsiihb9qwk7jOEPqVrztMqYfO1uQOWOcFtFpFBjYRENszUiEYbqPmclCTor8/uBYXY+dQ3lFQVZ8HXTO3VsSJ09RxllNr4Ttp0PMuBWy34SmJ8lpUhf2Zr0t7FI3Z4qIrkLliLCXhWce4ZsJ9x7nADgizP6ObW+uoqh5s7Z+BjBEJFPXKAT9WGHbkmGE8uXGF/jYcqpLrSVTXGEOKvrMb6K2z3V7msQtQ+zAwZGAPo0QbwpY54VA7VB1tIbGy8ZCrx2Lu2yqQunJsxiTu8+98L5cRuy18Z1if4AzBxviU6dA47R15FgqGuzX6dQDk0l4cy7SLyKvPeAU7so3ybVVpIHEljbGA/IBst/64wztN8JpFEw0TROwZEN8txsyZnruHU6L
